1,North Carolina,448,0.7,0.8,0.0,Beef - Kobe Striploin,0.7
2,Nevada,788,0.9,0.1,0.6,Bread - Pita,0.1
3,Iowa,788,0.8,0.4,1.0,Pike - Frozen Fillet,0.5
4,Louisiana,286,0.6,0.5,0.3,Jameson Irish Whiskey,0.2
5,Texas,661,0.3,0.4,0.2,Basil - Seedlings Cookstown,0.9
6,Pennsylvania,296,0.5,0.6,0.0,Cognac - Courvaisier,0.6
7,Minnesota,709,0.0,0.1,0.4,"Chilli Paste, Ginger Garlic",0.1
8,North Carolina,261,0.2,0.9,0.8,Beer - Blue,0.5
9,New York,427,0.5,0.8,0.8,"Bread - Roll, Soft White Round",0.7
10,Florida,128,0.3,0.0,0.6,Coffee - Hazelnut Cream,0.9
11,Indiana,744,0.8,0.6,0.1,Onions - Vidalia,0.7
12,Texas,430,0.2,0.6,0.9,Ginger - Ground,0.6
13,Oklahoma,770,0.8,0.2,0.5,"Tart Shells - Savory, 3",0.5
14,Florida,454,0.4,0.1,0.8,Tobasco Sauce,0.9
15,Texas,311,0.6,0.9,1.0,"Bread - Sticks, Thin, Plain",0.7
16,Kansas,430,0.6,0.5,0.6,Breadfruit,0.1
17,Michigan,398,0.4,0.2,0.7,Sauce - Balsamic Viniagrette,0.0
18,District of Columbia,518,0.3,0.9,0.9,Mushroom - Crimini,0.7
19,Ohio,327,0.1,0.1,0.8,Tomato - Plum With Basil,0.8
20,Hawaii,779,0.5,0.7,0.7,"Sauce - Soya, Light",0.9
21,Virginia,338,0.2,0.0,0.6,Broom - Angled,0.2
22,Connecticut,219,1.0,0.1,0.2,French Kiss Vanilla,0.9
23,Massachusetts,826,0.4,0.4,0.2,Beef Wellington,0.8
24,Connecticut,374,1.0,0.0,1.0,Tart - Butter Plain Squares,0.7
25,Virginia,922,0.5,0.3,0.6,Star Fruit,1.0
26,Hawaii,996,0.8,0.1,0.9,"Stock - Chicken, White",0.3
27,Minnesota,352,0.9,0.6,0.9,Orange - Tangerine,0.7
28,West Virginia,436,0.9,0.7,0.9,Pork - Belly Fresh,0.7
29,Colorado,971,0.7,0.2,1.0,Water - Green Tea Refresher,0.7
30,Pennsylvania,935,0.5,0.0,0.0,Ecolab - Lime - A - Way 4/4 L,1.0
31,Illinois,905,0.6,0.5,0.1,Veal - Leg,0.4
32,Florida,672,0.6,0.6,0.9,Cheese - Comtomme,0.8
33,Tennessee,738,0.8,0.5,0.8,Coffee - Irish Cream,0.4
34,Texas,595,0.9,0.5,0.8,"Rice Pilaf, Dry,package",0.8
35,Georgia,273,0.6,0.8,0.5,Lettuce - Romaine,1.0
36,Missouri,993,0.8,0.8,0.3,Cheese Cheddar Processed,0.1
37,Massachusetts,182,0.5,0.7,1.0,Tea - Herbal Sweet Dreams,0.4
38,New York,219,0.8,0.3,0.0,Tia Maria,0.9
39,Colorado,294,0.5,0.7,0.1,Banana - Leaves,0.6
40,Indiana,317,1.0,0.3,0.7,Plaintain,0.4
41,California,670,0.8,0.6,0.0,Cleaner - Comet,0.5
42,Maryland,997,0.4,0.7,0.3,Beer - Upper Canada Light,0.4
43,Indiana,535,0.9,0.6,0.4,Barramundi,0.5
44,Indiana,765,1.0,0.2,0.9,Muffin - Banana Nut Individual,0.6
45,Colorado,601,0.6,0.2,0.9,"Lettuce - Romaine, Heart",0.8
46,Florida,567,0.8,0.3,0.1,Lemon Balm - Fresh,0.1
47,New York,800,0.2,0.3,0.2,Remy Red,0.5
48,Indiana,338,0.6,0.7,0.5,"Lamb - Loin, Trimmed, Boneless",0.4
49,Virginia,531,0.8,0.5,0.0,Onions - Cooking,1.0
50,Pennsylvania,148,0.7,0.3,0.0,Goldschalger,0.3
51,Texas,475,0.2,0.7,1.0,Turnip - Mini,0.8
52,California,113,0.9,0.8,0.1,"Tarragon - Primerba, Paste",0.8
53,Mississippi,877,0.9,0.3,0.9,Yucca,0.3
54,California,563,0.5,0.3,0.6,Cheese - Cheddarsliced,0.3
55,Illinois,344,0.7,0.4,0.4,Shrimp - Black Tiger 26/30,1.0
56,Delaware,148,0.7,0.8,0.7,"Rum - Light, Captain Morgan",0.3
57,Georgia,524,0.0,0.5,0.6,Momiji Oroshi Chili Sauce,0.5
58,Minnesota,247,0.9,0.7,0.1,Lettuce - Baby Salad Greens,0.2
59,California,708,0.7,0.4,0.4,Sun - Dried Tomatoes,0.4
60,Wisconsin,856,0.4,1.0,0.6,Bar Energy Chocchip,1.0
61,California,268,1.0,0.8,0.4,Salad Dressing,0.3
62,Alabama,233,0.1,0.4,0.3,Longos - Grilled Veg Sandwiches,0.7
63,Florida,913,0.8,0.2,0.1,Petite Baguette,0.8
64,Ohio,879,0.7,0.4,0.4,Onions - Red Pearl,0.8
65,California,726,0.9,0.7,0.6,Pail With Metal Handle 16l White,0.3
66,North Carolina,374,0.4,0.6,0.6,Fireball Whisky,0.2
67,Florida,776,0.2,0.4,0.5,Tia Maria,0.3
68,Florida,531,0.9,0.3,0.7,Truffle Cups - Red,0.6
69,Texas,594,0.1,0.9,0.2,"Fish - Halibut, Cold Smoked",1.0
70,California,626,0.9,0.6,0.2,Bread - Rosemary Focaccia,0.4
71,Massachusetts,501,1.0,0.5,0.9,Vinegar - Balsamic,0.6
72,Nevada,890,0.2,0.2,0.7,Rice - Aborio,0.2
73,Utah,833,0.1,0.2,0.7,"Wine - Red, Antinori Santa",0.3
74,Minnesota,351,0.5,0.2,0.2,Carbonated Water - Blackberry,0.6
75,Virginia,415,0.3,0.3,0.7,"Tortillas - Flour, 10",0.9
76,Kentucky,368,0.9,0.8,1.0,Pork - Smoked Kassler,0.1
77,Texas,154,0.6,0.4,0.3,Cheese - Asiago,0.6
78,Texas,319,0.7,0.3,0.7,Pepper - Gypsy Pepper,0.6
79,Virginia,166,0.1,0.3,0.3,Flour - Cake,0.5
80,Florida,226,0.6,1.0,0.5,Containter - 3oz Microwave Rect.,0.7
81,Missouri,599,0.9,0.6,0.5,Parsley Italian - Fresh,0.9
82,Mississippi,115,0.8,0.8,0.2,Cheese - Marble,0.7
83,Texas,458,0.3,0.4,0.7,Toothpick Frilled,0.6
84,California,386,0.8,0.4,0.5,"Pineapple - Canned, Rings",0.8
85,North Carolina,631,0.3,1.0,0.5,Sugar - Invert,0.1
86,Kentucky,651,0.2,0.1,0.4,"Cookies - Oreo, 4 Pack",0.0
87,Maryland,129,1.0,0.2,0.5,Lamb - Shoulder,0.4
88,Virginia,809,0.0,0.8,0.4,Rosemary - Fresh,0.0
89,Alabama,161,1.0,0.5,0.4,Chocolate - Chips Compound,0.1
90,Florida,994,0.4,0.5,0.1,"Beef - Cooked, Corned",0.4
91,Ohio,551,0.9,0.3,0.2,Sauce - Demi Glace,0.6
92,Michigan,495,0.0,0.9,0.5,Tart - Pecan Butter Squares,0.2
93,Texas,300,0.7,0.7,0.7,Flour - Masa De Harina Mexican,0.8
94,Oklahoma,907,0.5,0.6,0.5,"Wine - Red, Mosaic Zweigelt",0.5
95,Minnesota,607,0.8,0.5,0.6,Veal - Knuckle,0.9
96,New Jersey,917,0.6,0.1,0.7,Bacardi Breezer - Strawberry,0.5
97,Kansas,878,0.5,0.7,0.8,Salmon - Canned,0.5
98,Florida,882,0.1,0.4,0.3,Garbage Bags - Clear,0.6
99,Texas,183,0.7,0.8,1.0,Yoplait - Strawbrasp Peac,1.0
100,Florida,484,0.0,0.7,0.0,Foam Espresso Cup Plain White,0.4
101,Tennessee,124,0.4,0.4,0.3,Extract - Raspberry,1.0
102,New York,156,0.5,0.2,0.5,Venison - Liver,0.8
103,Colorado,113,0.5,0.6,0.0,Shortbread - Cookie Crumbs,0.5
104,New York,949,0.3,0.9,0.8,Table Cloth 91x91 Colour,0.5
105,Oregon,165,0.1,0.2,0.9,Sausage - Chorizo,0.1
106,California,587,0.7,0.5,0.8,"Nut - Almond, Blanched, Whole",0.9
107,Illinois,764,0.2,0.9,0.3,Beer - Original Organic Lager,0.6
108,Texas,915,0.6,0.7,0.4,Longos - Chicken Caeser Salad,0.1
109,Georgia,126,0.3,0.2,0.0,Parsley - Dried,0.7
110,Michigan,927,0.5,0.9,0.9,Lamb Rack Frenched Australian,0.8
111,Montana,409,0.3,0.8,0.6,Parsnip,0.1
112,Florida,716,1.0,0.8,0.3,Glass Clear 8 Oz,0.4
113,Florida,408,0.9,1.0,0.5,Chambord Royal,0.2
114,Pennsylvania,455,0.7,0.5,0.0,"Pork - Butt, Boneless",0.8
115,Mississippi,981,0.7,0.4,0.1,Wine - Spumante Bambino White,0.1
116,District of Columbia,675,0.4,0.4,0.0,Trout Rainbow Whole,0.5
117,Illinois,685,0.5,0.9,0.1,Bread - Focaccia Quarter,0.9
118,Illinois,827,0.6,0.3,0.6,Soup - Verve - Chipotle Chicken,0.4
119,Pennsylvania,394,0.4,1.0,0.8,Soup Campbells Split Pea And Ham,0.4
120,Utah,514,0.3,0.6,0.8,Sloe Gin - Mcguinness,0.5
121,Delaware,401,0.7,1.0,0.6,Tomatoes - Grape,0.8
122,California,566,0.2,0.4,0.6,Appetizer - Tarragon Chicken,1.0
123,Ohio,122,0.9,0.5,0.2,Flour - Bread,0.6
124,Arizona,193,0.1,0.4,0.6,Corn Shoots,0.2
125,California,769,0.1,0.0,0.6,"Turkey - Breast, Smoked",0.3
126,Florida,653,0.9,0.8,0.1,Coffee Cup 16oz Foam,0.4
127,California,462,1.0,0.5,0.8,Jagermeister,0.7
128,Michigan,935,0.3,0.0,0.5,Extract - Rum,0.1
129,Wisconsin,219,0.3,0.9,0.9,Muffin Mix - Banana Nut,1.0
130,Georgia,637,0.7,1.0,0.5,"Bread - Bagels, Mini",0.1
131,Texas,635,0.4,0.3,0.4,Huck White Towels,0.0
132,Texas,950,0.7,0.3,0.6,"Pepper - Green, Chili",0.2
133,Virginia,242,0.6,0.7,0.8,"Tomatoes - Diced, Canned",0.8
134,Florida,888,0.1,0.7,0.4,Cornflakes,0.8
135,Illinois,644,1.0,0.5,0.5,Wine - Chianti Classico Riserva,0.9
136,Georgia,353,0.9,0.5,0.6,Olives - Kalamata,0.7
137,Minnesota,666,0.6,0.1,0.3,Carbonated Water - Wildberry,0.0
138,New York,349,0.7,0.2,0.6,Wine - Chablis J Moreau Et Fils,0.6
139,California,369,0.5,0.8,0.7,Kiwano,0.0
140,Georgia,780,0.7,0.3,0.4,Shrimp - Black Tiger 26/30,0.3
141,Texas,915,0.5,0.0,0.5,Bread Foccacia Whole,0.3
142,Pennsylvania,887,0.4,0.8,0.7,Plasticforkblack,0.9
143,Louisiana,496,0.6,1.0,0.9,Spice - Montreal Steak Spice,0.8
144,Nevada,718,0.8,0.0,0.3,Oregano - Fresh,0.4
145,New Hampshire,549,0.1,1.0,0.5,Calypso - Strawberry Lemonade,0.6
146,Colorado,301,0.0,0.3,0.2,Dc Hikiage Hira Huba,1.0
147,New York,271,0.9,0.4,0.9,Onions - Cippolini,0.7
148,California,177,1.0,1.0,1.0,Cookie - Dough Variety,0.9
149,Arizona,599,1.0,0.8,0.9,Avocado,0.3
150,Texas,639,0.8,0.1,0.5,Ham - Cooked Bayonne Tinned,1.0
151,Arizona,263,1.0,0.2,0.7,Milk Powder,0.8
152,Florida,298,0.3,0.9,0.5,Peach - Fresh,0.0
153,Texas,613,0.4,0.9,0.6,Cheese - St. Andre,0.6
154,New Mexico,589,0.5,0.6,1.0,Fennel,0.4
155,Florida,279,0.3,0.3,0.7,Pear - Packum,0.9
156,Texas,874,0.4,0.3,0.9,"Tuna - Canned, Flaked, Light",0.8
157,California,936,0.1,0.0,0.8,Plastic Wrap,0.2
158,Indiana,732,0.9,0.2,0.7,Wine - Ej Gallo Sonoma,0.1
159,Ohio,756,0.2,0.6,0.3,Zucchini - Yellow,0.6
160,Georgia,730,0.8,0.3,0.7,Kiwi Gold Zespri,0.9
161,Ohio,829,0.5,0.9,0.1,Garbage Bag - Clear,0.4
162,District of Columbia,457,0.9,0.0,0.0,Flour - Masa De Harina Mexican,0.1
163,Missouri,832,0.3,0.4,0.0,Olives - Morracan Dired,0.3
164,Utah,563,0.7,0.5,0.8,Sea Bass - Whole,0.7
165,Wisconsin,696,0.2,0.6,1.0,"Sparkling Wine - Rose, Freixenet",0.6
166,Georgia,350,0.5,0.7,0.2,Nantucket Pine Orangebanana,0.9
167,Massachusetts,599,0.8,1.0,0.6,Muffin Mix - Raisin Bran,0.0
168,Texas,109,0.7,0.1,0.8,Berry Brulee,0.9
169,Michigan,714,0.4,0.7,0.6,Cookie Dough - Double,0.2
170,District of Columbia,902,0.9,0.6,0.0,"Juice - Apple, 1.36l",0.8
171,Florida,587,1.0,0.1,0.3,Hot Chocolate - Individual,0.4
172,Nebraska,722,0.0,0.3,0.2,Bread - Corn Muffaleta Onion,0.5
173,New York,479,0.3,0.8,0.8,Tea - Decaf 1 Cup,0.4
174,Alabama,253,0.3,0.2,0.1,Langers - Ruby Red Grapfruit,0.2
175,New York,869,0.5,1.0,0.2,Ketchup - Tomato,0.0
176,District of Columbia,365,0.6,0.3,0.7,Chocolate Bar - Oh Henry,0.0
177,Virginia,179,0.9,0.2,0.6,Pumpkin,0.7
178,Michigan,941,0.8,0.6,0.3,Beer - Camerons Cream Ale,0.2
179,Tennessee,694,0.9,0.8,0.7,Absolut Citron,0.2
180,Washington,460,0.8,0.8,0.8,Sprouts - Alfalfa,0.3
181,New Mexico,234,0.6,0.6,0.7,Radish,0.3
182,California,500,0.6,0.9,0.3,Sausage - Meat,0.5
183,Texas,367,0.1,0.2,0.6,Sprouts - Pea,0.9
184,Idaho,844,0.6,0.7,0.1,Broom Handle,0.8
185,Florida,791,0.9,0.1,0.0,Syrup - Monin - Granny Smith,0.3
186,California,659,0.4,0.1,0.5,"Beans - Kidney, Red Dry",0.4
187,New York,316,0.4,0.3,0.0,Wine - Redchard Merritt,0.6
188,Utah,517,1.0,0.0,0.1,Appetizer - Crab And Brie,0.9
189,California,113,0.4,0.4,0.5,Lemon Tarts,0.3
190,West Virginia,722,0.4,0.3,0.3,Pants Custom Dry Clean,0.3
191,Florida,617,0.3,0.4,0.6,Spice - Peppercorn Melange,0.5
192,Texas,778,0.3,0.7,0.8,Garbage Bag - Clear,0.3
193,Texas,257,0.6,0.1,0.3,Easy Off Oven Cleaner,0.4
194,New York,671,0.2,0.7,0.3,Coffee Decaf Colombian,1.0
195,Louisiana,621,0.0,0.2,0.6,Bread - Onion Focaccia,0.2
196,Wisconsin,682,0.6,0.1,0.4,Cheese - La Sauvagine,0.8
197,Wisconsin,308,0.3,0.7,0.8,Coffee - Irish Cream,0.4
198,Michigan,863,0.3,0.4,0.2,Chinese Foods - Chicken,0.3
199,Tennessee,424,0.5,1.0,0.3,Creme De Menthe Green,0.6
200,Pennsylvania,321,0.4,1.0,0.6,Wine - Rioja Campo Viejo,1.0
201,Idaho,470,1.0,0.8,0.0,"Tortillas - Flour, 10",0.9
202,Nebraska,909,0.6,0.3,0.6,Chocolate Bar - Smarties,0.2
203,Minnesota,230,0.1,0.9,0.8,Oil - Pumpkinseed,0.2
204,Illinois,804,0.3,0.5,0.2,Wine - Montecillo Rioja Crianza,0.1
205,Tennessee,328,0.2,0.4,0.7,Mace Ground,0.5
206,Ohio,206,1.0,0.2,0.9,Dr. Pepper - 355ml,0.6
207,North Carolina,812,0.2,0.5,0.4,Wine - Alsace Gewurztraminer,0.7
208,California,238,0.6,0.8,0.5,Tomatoes - Yellow Hot House,0.9
209,New York,892,0.2,0.1,0.7,Kolrabi,0.8
210,North Carolina,521,0.8,0.3,0.1,Tuna - Bluefin,0.4
211,Texas,589,0.4,0.8,0.5,Tea Peppermint,0.9
212,Illinois,165,0.4,0.1,0.2,Veal - Nuckle,0.6
213,Idaho,690,0.7,0.5,0.7,Beans - Green,0.2
214,Oklahoma,524,0.9,0.9,0.3,Berry Brulee,0.2
215,North Carolina,896,0.7,0.4,0.0,Wine - Soave Folonari,0.3
216,District of Columbia,605,0.6,0.3,1.0,"Pepper - Black, Crushed",0.0
217,Colorado,482,0.1,0.7,0.6,Glycerine,0.0
218,Colorado,981,0.8,0.0,0.6,Lumpfish Black,0.1
219,Ohio,494,0.6,0.7,0.0,Plasticknivesblack,0.0
220,Texas,987,0.1,0.7,0.7,"Pepper - Black, Whole",0.6
221,Arizona,125,0.2,0.8,0.9,Ham - Virginia,0.6
222,Florida,997,1.0,0.8,0.6,Wine - George Duboeuf Rose,1.0
223,Alabama,371,0.0,0.9,0.7,Butter Ripple - Phillips,0.0
224,District of Columbia,446,0.9,0.5,0.9,Wine - Chateauneuf Du Pape,0.5
225,Maryland,195,0.5,0.9,0.6,Wine - Tio Pepe Sherry Fino,0.3
226,Missouri,634,0.2,1.0,0.8,Pear - Prickly,0.3
227,Nevada,401,0.7,0.0,0.8,Chicken Breast Wing On,0.0
228,Texas,636,0.2,0.1,0.7,"Beans - Navy, Dry",0.3
229,Michigan,727,0.0,0.3,0.9,"Chicken - Wings, Tip Off",0.7
230,California,874,0.4,0.1,0.8,"Jam - Strawberry, 20 Ml Jar",0.8
231,Connecticut,180,1.0,0.4,0.4,"Wine - White, Ej",0.6
232,Texas,190,0.2,0.9,0.4,"Pork - Ham, Virginia",0.5
233,Tennessee,593,0.4,0.5,0.8,Muffin - Carrot Individual Wrap,0.9
234,Indiana,617,0.0,0.9,0.4,Longos - Chicken Curried,1.0
235,Pennsylvania,230,0.3,0.8,0.9,Plastic Arrow Stir Stick,0.0
236,Colorado,137,0.5,0.8,0.5,Macaroons - Two Bite Choc,0.3
237,Texas,987,0.7,0.9,0.2,"Bread - White, Sliced",0.1
238,California,100,0.2,0.4,0.7,"Doilies - 8, Paper",0.0
239,District of Columbia,607,0.2,0.6,0.2,"Nut - Walnut, Chopped",0.9
240,South Carolina,944,0.5,0.7,0.3,Water - Perrier,0.4
241,Texas,450,0.3,0.5,0.7,Flounder - Fresh,0.7
242,California,258,0.3,0.4,0.2,Petite Baguette,0.9
243,South Carolina,867,0.3,0.2,0.9,Raspberries - Fresh,0.5
244,New York,301,0.2,0.4,0.1,Bar - Granola Trail Mix Fruit Nut,0.5
245,New York,260,0.9,0.5,0.8,Sorrel - Fresh,0.3
246,California,640,0.1,0.7,0.6,Island Oasis - Magarita Mix,0.2
247,Iowa,625,0.7,0.3,0.7,Pepper - Green Thai,0.5
248,Minnesota,274,0.7,0.8,0.3,"Pasta - Rotini, Colour, Dry",0.3
249,California,235,0.2,0.7,0.8,Orange - Blood,0.3
250,Michigan,310,0.1,0.1,0.1,Horseradish - Prepared,0.9
251,New York,268,0.7,0.5,0.7,Numi - Assorted Teas,0.6
252,Alabama,739,0.4,0.7,0.9,"Sauce - Black Current, Dry Mix",0.3
253,Nevada,377,0.4,0.4,0.4,Wine - Zinfandel California 2002,0.3
254,Delaware,962,0.1,0.7,0.3,Ice Cream - Turtles Stick Bar,0.9
255,Ohio,712,0.7,0.1,0.2,French Pastry - Mini Chocolate,0.1
256,Oklahoma,101,0.2,0.6,0.2,Apples - Spartan,0.9
257,Arkansas,798,0.6,0.6,0.6,"Soup - French Onion, Dry",0.6
258,Tennessee,867,1.0,0.1,0.4,Kiwano,0.5
259,Texas,587,0.7,1.0,0.2,"Veal - Brisket, Provimi, Bone - In",0.1
260,Maryland,831,0.2,0.8,0.2,Cheese - Mix,0.2
261,District of Columbia,375,0.4,0.8,0.2,Lettuce - Iceberg,0.1
262,Texas,126,0.4,1.0,0.5,"Veal - Insides, Grains",0.8
263,California,309,0.6,0.9,0.8,Buffalo - Short Rib Fresh,0.6
264,Colorado,292,0.1,0.7,0.6,Mushroom - Morel Frozen,1.0
265,New York,862,0.2,0.6,0.8,Container - Hngd Cll Blk 7x7x3,0.7
266,New York,166,0.3,0.1,0.8,Pail With Metal Handle 16l White,0.6
267,Colorado,556,0.5,0.1,0.1,"Fish - Atlantic Salmon, Cold",0.2
268,Michigan,577,1.0,0.9,0.9,Appetizer - Chicken Satay,0.2
269,Texas,301,0.1,1.0,0.0,Muffin - Blueberry Individual,0.8
270,Florida,825,0.9,1.0,0.2,Pate Pans Yellow,0.9
271,California,438,0.8,1.0,0.2,Melon - Cantaloupe,0.5
272,Missouri,228,0.8,0.8,0.7,Sachet,0.9
273,Florida,432,0.3,0.5,0.7,Lamb Rack Frenched Australian,0.6
274,Florida,932,0.3,0.1,0.4,Beef - Ground Medium,1.0
275,Pennsylvania,293,0.9,0.9,0.9,Cookies - Englishbay Wht,0.8
276,Michigan,196,0.7,0.9,0.0,Ecolab - Hand Soap Form Antibac,0.6
277,Colorado,320,0.1,0.1,0.4,Sour Puss - Tangerine,0.5
278,New York,475,0.5,0.0,0.6,Lemon Grass,0.8
279,Florida,992,0.1,0.6,0.9,Tilapia - Fillets,0.4
280,Illinois,396,0.5,0.3,0.0,Chocolate - Liqueur Cups With Foil,0.8
281,New Jersey,193,0.6,0.4,0.5,"Pork - Chop, Frenched",0.5
282,Nebraska,512,0.4,0.7,0.7,Chutney Sauce,0.0
283,North Carolina,547,0.1,0.6,1.0,"Cheese - Woolwich Goat, Log",0.7
284,Washington,112,1.0,0.1,0.1,Tomatoes - Cherry,0.4
285,West Virginia,572,0.4,0.9,0.7,Tuna - Loin,0.3
286,Indiana,956,1.0,0.5,0.6,Beef - Tenderloin,1.0
287,Tennessee,829,0.6,1.0,0.4,Quiche Assorted,0.2
288,Texas,606,0.7,0.8,0.6,Icecream - Dibs,0.7
289,Maryland,212,0.7,0.3,0.3,Chocolate - Compound Coating,0.1
290,New York,489,0.4,0.8,0.5,"Rosemary - Primerba, Paste",0.2
291,California,125,1.0,0.0,0.9,Capers - Pickled,0.5
292,Connecticut,897,0.4,0.5,0.9,Pork - Kidney,0.3
293,Pennsylvania,431,0.3,0.7,0.6,Oysters - Smoked,0.5
294,Tennessee,414,0.6,0.2,0.8,Ice Cream Bar - Rolo Cone,0.5
295,Washington,653,0.1,0.2,0.2,Wine - Mondavi Coastal Private,1.0
296,Illinois,720,0.9,1.0,0.8,Hersey Shakes,0.3
297,Virginia,596,0.4,0.7,0.9,Nut - Macadamia,0.4
298,Texas,604,0.8,0.3,0.5,Sultanas,0.0
299,Michigan,878,0.7,0.7,0.8,"Split Peas - Yellow, Dry",0.3
300,Nebraska,859,0.7,0.8,0.4,"Wine - Red, Cooking",0.9
301,Georgia,107,0.6,1.0,0.3,Cheese - Roquefort Pappillon,0.6
302,Texas,528,0.3,0.7,1.0,"Wine - White, Pinot Grigio",0.5
303,Oklahoma,236,0.8,0.9,0.0,"Mushroom - Shitake, Dry",0.1
304,Kansas,457,0.1,0.6,0.6,"Salsify, Organic",0.5
305,Virginia,845,0.6,0.3,0.3,Cumin - Ground,0.4
306,Vermont,249,0.3,0.7,0.5,Squid - U 5,0.1
307,Texas,963,0.7,0.2,0.2,Lobster - Cooked,0.9
308,Missouri,642,0.8,0.5,0.1,"Rum - White, Gg White",0.7
309,California,610,0.6,0.7,0.7,Contreau,0.3
310,Kansas,396,0.9,0.4,0.8,Cookies - Assorted,0.1
311,California,141,0.9,0.7,0.7,Ezy Change Mophandle,0.5
312,Texas,231,0.2,0.1,0.3,Wine - Lou Black Shiraz,0.7
313,Connecticut,330,0.3,0.8,0.7,Container - Hngd Cll Blk 7x7x3,0.3
314,Georgia,419,0.4,0.5,0.4,Salt - Sea,0.3
315,Texas,396,0.0,0.6,0.7,Muffin Mix - Oatmeal,0.6
316,Georgia,525,0.4,0.0,0.7,"Asparagus - White, Fresh",0.5
317,Arizona,489,0.5,0.1,0.2,Gatorade - Lemon Lime,0.7
318,Texas,698,0.7,0.7,0.6,Knife Plastic - White,0.2
319,Oregon,366,0.9,0.7,0.2,Cape Capensis - Fillet,0.6
320,Texas,886,0.3,0.5,0.5,Chocolate - Unsweetened,0.6
321,Oklahoma,872,0.6,0.9,0.2,Edible Flower - Mixed,0.3
322,Indiana,615,0.2,0.0,0.2,Samosa - Veg,0.1
323,Ohio,791,0.8,0.2,0.8,"Basil - Dry, Rubbed",0.6
324,Pennsylvania,600,0.4,0.6,0.1,Icecream - Dstk Super Cone,0.0
325,Oregon,973,0.7,1.0,0.6,"Mushroom - Porcini, Dry",0.4
326,District of Columbia,684,0.7,0.2,0.3,Vegetable - Base,1.0
327,Alaska,468,0.6,0.3,0.9,Lobak,0.8
328,California,524,0.7,0.3,0.1,Wine - Manischewitz Concord,0.1
329,New York,606,0.5,0.8,0.1,Beef - Bresaola,0.2
330,Texas,642,1.0,0.7,0.4,Water - Spring Water 500ml,0.9
331,Texas,479,0.3,1.0,0.8,Apple - Macintosh,0.7
332,Louisiana,101,0.0,0.2,0.9,Basil - Thai,0.8
333,Tennessee,511,0.7,0.1,0.2,Tuna - Yellowfin,0.8
334,California,975,0.4,0.3,0.2,Truffle Cups - Red,0.5
335,South Dakota,939,0.6,0.2,0.4,"Soup - Beef Conomme, Dry",0.4
336,District of Columbia,846,0.8,0.2,0.9,Sauce - Chili,0.0
337,California,339,0.3,0.5,1.0,"Peas - Pigeon, Dry",0.6
338,Georgia,496,0.9,0.8,0.3,Beer - Paulaner Hefeweisse,0.6
339,Virginia,344,0.2,0.9,0.8,Gherkin - Sour,0.7
340,Florida,738,0.8,0.5,0.9,Seedlings - Clamshell,0.8
341,California,486,0.5,0.9,0.4,Star Fruit,0.5
342,Nebraska,416,0.6,0.8,0.6,"Wine - Red, Pelee Island Merlot",0.8
343,Nevada,698,0.4,0.6,0.0,"Mushrooms - Black, Dried",0.2
344,Virginia,446,0.8,0.8,0.4,"Syrup - Monin, Swiss Choclate",0.0
345,Georgia,205,0.6,0.0,0.6,Chef Hat 25cm,0.7
346,Arizona,878,0.5,0.3,0.4,Pepper - Red Thai,0.3
347,Mississippi,422,0.4,0.0,0.5,"Bread - Sticks, Thin, Plain",0.1
348,Georgia,979,0.1,0.6,0.6,Wine - Duboeuf Beaujolais,0.2
349,Virginia,145,0.8,0.4,0.3,"Pork - Loin, Boneless",0.7
350,Texas,500,0.2,0.5,0.7,Cheese - Valancey,0.1
351,Illinois,377,0.6,0.6,0.4,Pepper - Roasted Red,1.0
352,Oklahoma,406,0.1,0.8,0.1,Wine - Cotes Du Rhone Parallele,0.7
353,Ohio,231,0.7,0.4,0.9,Veal - Striploin,0.4
354,Kentucky,670,0.6,0.2,0.4,Port - 74 Brights,0.0
355,Florida,330,0.5,0.2,0.4,Pike - Frozen Fillet,0.6
356,Florida,183,0.7,0.1,0.1,"Liners - Banana, Paper",0.8
357,Iowa,997,0.9,0.6,0.8,Avocado,0.0
358,Louisiana,919,0.2,0.7,0.3,Beef Flat Iron Steak,0.6
359,District of Columbia,869,0.4,0.4,0.0,Pasta - Agnolotti - Butternut,0.3
360,California,467,0.9,0.3,0.8,Shrimp - Prawn,0.2
361,Massachusetts,118,0.7,0.0,1.0,Latex Rubber Gloves Size 9,0.2
362,Indiana,757,0.0,0.3,0.9,Veal - Slab Bacon,0.2
363,Florida,393,0.6,0.5,0.6,Vinegar - White,0.5
364,Oklahoma,885,0.9,0.7,0.0,Apron,0.7
365,Michigan,106,0.5,0.6,0.8,Truffle Cups - Brown,0.8
366,Virginia,275,0.9,0.0,0.5,"Pasta - Tortellini, Fresh",0.9
367,Tennessee,287,0.4,0.3,0.2,Lamb - Rack,0.3
368,Illinois,737,0.5,0.0,0.9,Pork Salted Bellies,0.4
369,Pennsylvania,448,0.0,0.1,0.8,"Wine - White, Gewurtzraminer",0.5
370,Virginia,559,0.4,0.5,0.8,Quail - Jumbo,0.6
371,California,943,0.8,0.6,0.2,Plums - Red,0.0
372,Kansas,216,0.6,0.5,0.3,Longos - Lasagna Veg,0.2
373,California,173,0.7,0.2,0.8,Ecolab - Medallion,0.9
374,Florida,784,0.6,0.8,0.9,"Soup - Campbells, Classic Chix",0.4
375,New York,170,0.7,0.1,0.9,Oil - Shortening - All - Purpose,1.0
376,New York,101,0.8,0.9,0.7,Maple Syrup,0.1
377,North Carolina,559,0.7,0.5,0.2,Tumeric,0.9
378,Texas,796,0.1,1.0,0.1,"Beef - Rib Roast, Cap On",0.8
379,West Virginia,945,0.3,0.1,0.8,"Bread - Roll, Whole Wheat",0.9
380,Utah,609,0.6,0.5,0.5,"Flour - Buckwheat, Dark",0.8
381,New Hampshire,835,0.8,0.8,0.9,Beer - True North Strong Ale,0.9
382,Texas,983,0.4,0.3,0.9,Godiva White Chocolate,0.4
383,California,544,0.1,0.8,0.3,Bread - Sour Batard,0.2
384,California,763,0.1,0.2,0.4,Beef - Montreal Smoked Brisket,0.4
385,Oregon,229,0.1,0.9,0.2,Pepper - Green Thai,0.6
386,California,415,0.0,0.1,0.8,Ice Cream - Life Savers,0.9
387,Missouri,357,0.3,0.8,0.8,Apricots - Dried,0.9
388,Nebraska,459,0.1,0.9,0.3,Apples - Spartan,0.3
389,California,953,0.8,0.7,0.4,"Olives - Green, Pitted",0.7
390,Georgia,797,0.1,0.3,0.0,Beer - Creemore,0.4
391,Louisiana,872,0.4,0.9,0.6,Chutney Sauce - Mango,0.2
392,Georgia,211,0.7,0.1,0.1,"Cake Circle, Foil, Scallop",0.5
393,Colorado,459,0.4,0.4,0.7,Thyme - Fresh,0.3
394,South Carolina,168,0.8,0.3,0.0,"Rice Pilaf, Dry,package",0.6
395,Colorado,217,0.1,0.4,0.3,Milk - 2% 250 Ml,0.9
396,Florida,722,0.1,0.8,0.2,Bread - Mini Hamburger Bun,0.4
397,Colorado,396,0.8,0.4,0.4,"Ranchero - Primerba, Paste",0.6
398,Florida,744,0.1,0.8,0.3,"Brownies - Two Bite, Chocolate",0.6
399,District of Columbia,390,0.1,1.0,1.0,Coffee Cup 8oz 5338cd,0.3
400,Texas,732,0.5,0.4,0.6,"Salmon - Whole, 4 - 6 Pounds",0.4
401,Kansas,301,0.9,0.5,0.2,Flour - Fast / Rapid,0.2
402,Ohio,173,0.7,0.1,0.8,Flower - Commercial Bronze,1.0
403,Alabama,191,0.4,0.9,0.1,"Asparagus - White, Canned",0.5
404,Ohio,160,0.9,0.6,1.0,Zucchini - Yellow,0.4
405,California,979,0.2,0.0,0.7,"Yogurt - Strawberry, 175 Gr",0.2
406,Florida,996,0.0,0.8,0.2,Beans - Butter Lrg Lima,0.2
407,California,104,0.3,0.2,0.6,Sobe - Green Tea,0.5
408,Florida,199,0.3,0.3,0.2,"Bread - Bagels, Plain",0.1
409,New York,875,0.3,0.8,0.5,"Beef - Rib Roast, Cap On",0.7
410,California,939,0.9,0.4,0.2,Bread - Rosemary Focaccia,0.7
411,Virginia,466,0.7,0.4,0.1,"Lobster - Baby, Boiled",0.5
412,California,541,0.4,0.2,0.9,Puree - Strawberry,1.0
413,Ohio,133,0.1,0.2,1.0,Steel Wool S.o.s,0.5
414,Washington,181,0.4,0.1,0.4,Bacardi Limon,0.5
415,California,765,0.1,0.0,0.5,Bread - Italian Sesame Poly,0.1
416,New York,711,0.7,0.3,0.2,"Pork - Tenderloin, Frozen",0.6
417,Florida,228,0.3,0.1,0.1,Plasticforkblack,0.6
418,Maryland,145,0.1,0.4,0.4,Cognac - Courvaisier,0.5
419,District of Columbia,911,0.4,0.2,0.7,"Beer - Alexander Kieths, Pale Ale",0.6
420,Arizona,925,0.3,0.7,1.0,Pepper - Green Thai,0.3
421,Nevada,471,0.0,0.6,0.5,Contreau,0.1
422,California,684,0.8,0.6,0.3,Walkers Special Old Whiskey,0.4
423,New Jersey,251,0.4,0.2,0.8,"Star Anise, Whole",0.6
424,Louisiana,659,0.1,0.4,0.2,Lotus Root,0.8
425,Texas,364,0.6,0.4,1.0,Crab - Meat Combo,0.3
426,District of Columbia,190,0.5,0.5,0.3,Dr. Pepper - 355ml,0.9
427,Louisiana,257,0.0,0.3,0.9,"Beef - Tongue, Cooked",0.2
428,District of Columbia,554,0.8,0.7,0.2,Beer - Sleemans Cream Ale,0.8
429,Texas,721,0.2,0.4,0.0,Praline Paste,0.2
430,Utah,279,0.0,0.3,0.2,Longos - Chicken Caeser Salad,0.2
431,Texas,613,0.8,0.3,0.1,"Syrup - Golden, Lyles",0.1
432,Florida,749,0.1,0.3,1.0,Wine - Prosecco Valdobiaddene,0.6
433,California,562,1.0,0.6,0.7,Raspberries - Fresh,0.9
434,Illinois,344,0.6,0.5,0.4,Chicken Giblets,0.4
435,California,923,0.6,0.1,0.6,"Chicken - Wings, Tip Off",0.4
436,Texas,605,0.2,0.8,0.8,Table Cloth 72x144 White,0.4
437,Illinois,983,0.4,0.3,1.0,"Lemonade - Black Cherry, 591 Ml",0.5
438,Tennessee,986,0.4,0.8,1.0,Cookies - Fortune,0.5
439,North Carolina,445,0.4,0.4,0.0,Oil - Pumpkinseed,0.0
440,Minnesota,337,0.8,1.0,0.6,Chips Potato Salt Vinegar 43g,1.0
441,Kansas,790,0.3,0.6,0.1,"Beef - Chuck, Boneless",0.3
442,New York,565,0.2,0.6,0.4,Vaccum Bag 10x13,0.5
443,California,196,0.6,0.7,0.2,Gelatine Leaves - Envelopes,0.6
444,Michigan,101,0.8,0.1,0.6,Silicone Parch. 16.3x24.3,0.1
445,Texas,657,0.6,0.6,1.0,Shichimi Togarashi Peppeers,1.0
446,Nevada,495,0.7,0.1,1.0,Sugar - Splenda Sweetener,0.8
447,Louisiana,537,0.5,0.6,0.6,Wine - Coteaux Du Tricastin Ac,0.5
448,New York,854,0.9,0.8,0.4,Table Cloth 54x72 Colour,0.7
449,Arizona,842,0.1,0.2,1.0,Beef - Eye Of Round,0.4
450,Alabama,198,0.6,0.3,0.5,Creamers - 10%,0.8
451,Illinois,940,0.8,0.9,0.9,Soup Campbells Split Pea And Ham,0.2
452,Michigan,154,0.2,0.5,0.7,Chinese Foods - Thick Noodles,0.9
453,Ohio,414,1.0,0.2,0.8,Mcguinness - Blue Curacao,0.9
454,New York,138,0.9,0.9,0.6,Snapple - Iced Tea Peach,0.1
455,Minnesota,370,1.0,0.7,0.0,Chives - Fresh,0.3
456,Montana,266,0.0,0.4,0.0,Lamb - Whole Head Off,0.5
457,Pennsylvania,913,0.8,0.2,0.9,"Stock - Beef, White",0.4
458,Utah,363,0.7,0.7,0.9,Wanton Wrap,0.4
459,Montana,968,0.1,0.5,0.3,"Lamb - Leg, Boneless",0.8
460,Texas,447,0.9,0.0,0.1,Sauce - Hoisin,0.8
461,Hawaii,453,0.5,0.1,0.3,Cabbage - Green,1.0
462,Georgia,263,0.9,0.2,0.3,Guava,0.4
463,California,702,0.5,0.2,0.4,Coffee - Decaffeinato Coffee,0.5
464,New York,228,0.8,0.4,1.0,Eggplant Oriental,0.7
465,California,298,0.5,0.6,0.7,Jameson Irish Whiskey,0.5
466,Texas,468,0.9,0.1,0.6,Pork - Sausage Casing,0.9
467,Florida,896,0.5,0.5,0.9,"Chilli Paste, Hot Sambal Oelek",1.0
468,Delaware,318,0.9,0.7,0.0,Soup V8 Roasted Red Pepper,0.2
469,Texas,635,0.9,0.8,0.2,Chocolate - Liqueur Cups With Foil,0.1
470,Arizona,491,0.1,1.0,0.4,Muffin - Mix - Mango Sour Cherry,0.0
471,Florida,948,0.4,0.8,0.8,Beer - Rickards Red,0.9
472,Pennsylvania,183,0.7,0.6,0.1,Langers - Mango Nectar,0.0
473,Massachusetts,582,0.5,0.3,0.4,Water Chestnut - Canned,0.2
474,Florida,305,0.4,0.4,0.2,Mousse - Banana Chocolate,0.6
475,Washington,266,0.7,0.7,0.1,Potatoes - Idaho 100 Count,0.4
476,New York,978,0.1,0.9,0.4,Oats Large Flake,0.7
477,New York,375,0.0,0.2,0.1,Coffee Beans - Chocolate,0.3
478,Florida,430,0.1,0.0,0.1,Rambutan,0.7
479,Oklahoma,728,0.8,0.9,0.8,"Cheese - Brie,danish",0.6
480,Indiana,597,0.8,0.8,0.4,Ham - Black Forest,0.3
481,Indiana,335,0.9,0.4,0.3,Wine - Chateau Timberlay,0.2
482,Florida,167,0.8,0.0,0.2,Salt And Pepper Mix - Black,0.4
483,Texas,718,0.3,0.7,0.3,Juice - Orange 1.89l,0.8
484,Virginia,304,0.2,0.9,0.3,Garam Marsala,0.7
485,District of Columbia,824,0.1,0.3,0.2,Truffle - Peelings,0.8
486,Minnesota,638,0.5,0.9,0.3,Turkey Tenderloin Frozen,0.7
487,California,937,0.5,0.3,0.2,Emulsifier,0.0
488,Virginia,174,0.7,0.2,0.3,Butter - Pod,0.4
489,Kentucky,868,0.7,0.2,1.0,"Crab - Blue, Frozen",0.4
490,Pennsylvania,657,0.0,0.5,0.4,"Cheese - Manchego, Spanish",0.7
491,Texas,499,0.5,0.1,0.1,"Split Peas - Yellow, Dry",0.5
492,Michigan,177,0.8,0.1,0.8,Salt - Sea,0.7
493,Arkansas,346,0.2,0.7,0.9,Container - Foam Dixie 12 Oz,0.3
494,Minnesota,345,0.4,0.7,0.6,Cotton Wet Mop 16 Oz,0.6
495,Pennsylvania,772,0.5,0.7,0.1,Puree - Guava,0.4
496,Florida,167,0.9,0.2,0.6,Sauerkraut,0.5
497,Florida,470,0.4,0.7,0.6,Yogurt - Plain,0.3
498,Florida,887,0.3,0.3,0.3,Butter Sweet,0.6
499,District of Columbia,987,0.2,0.6,0.1,Chocolate Bar - Coffee Crisp,0.7
500,Georgia,360,0.9,0.9,0.4,Mix - Cocktail Strawberry Daiquiri,0.5
501,Washington,974,0.5,0.9,0.0,Pear - Asian,0.6
502,New York,160,0.9,0.7,0.5,Hersey Shakes,0.1
503,Kentucky,632,0.7,0.9,0.3,"Schnappes - Peach, Walkers",0.7
504,New York,381,0.4,0.3,0.7,Puree - Mocha,0.7
505,Texas,389,0.6,0.1,0.3,V8 - Berry Blend,0.8
506,California,805,0.5,0.2,0.1,"Nut - Pecan, Halves",0.3
507,Indiana,342,0.8,0.0,0.2,"Doilies - 10, Paper",0.2
508,California,271,0.8,0.5,0.9,Wine - Rhine Riesling Wolf Blass,0.6
509,Colorado,287,0.1,0.3,0.2,Cake - Cake Sheet Macaroon,0.1
510,Washington,398,0.5,0.7,0.3,Bread - Calabrese Baguette,1.0
511,California,362,0.0,0.9,0.0,"Crab - Blue, Frozen",0.4
512,Wisconsin,455,0.1,0.5,0.0,"Tarragon - Primerba, Paste",0.4
513,District of Columbia,966,0.4,0.4,1.0,Truffle - Whole Black Peeled,0.6
514,Washington,547,0.8,0.6,0.5,Baking Powder,0.4
515,California,678,0.1,0.4,0.9,Cake - French Pear Tart,0.5
516,Louisiana,434,0.8,0.3,0.4,"Cherries - Bing, Canned",0.2
517,New York,160,0.8,0.8,0.5,"Pasta - Penne Primavera, Single",0.3
518,California,186,0.7,0.6,0.0,"Clams - Littleneck, Whole",0.3
519,Florida,383,0.4,0.9,0.3,Beef - Salted,0.1
520,Colorado,877,0.6,0.7,0.8,Longos - Grilled Veg Sandwiches,1.0
521,Texas,129,0.5,0.0,0.8,"Pork - Bacon, Double Smoked",0.9
522,Illinois,606,0.2,0.4,0.4,Sprouts Dikon,0.8
523,Virginia,350,0.5,0.7,0.7,Shrimp - 100 / 200 Cold Water,0.6
524,District of Columbia,425,0.3,0.7,0.1,Grapes - Green,0.1
525,Michigan,237,0.0,0.7,0.6,"Syrup - Monin, Irish Cream",1.0
526,Ohio,731,0.5,0.4,0.1,"Crab - Blue, Frozen",0.0
527,Washington,760,0.3,0.1,0.1,Foam Tray S2,0.3
528,Pennsylvania,666,0.8,0.1,0.5,Bols Melon Liqueur,0.1
529,Florida,848,0.3,0.5,0.4,Bread Crumbs - Panko,0.7
530,Illinois,369,0.3,0.4,0.9,Soup - Campbells Chili,0.2
531,North Carolina,913,1.0,0.2,0.0,Mustard - Seed,0.3
532,California,137,0.7,0.6,1.0,Soup - French Onion,0.3
533,Florida,135,0.3,0.4,0.9,Steampan - Half Size Shallow,0.9
534,Virginia,527,0.3,1.0,1.0,Sprite - 355 Ml,0.1
535,California,656,0.2,0.5,0.8,Tilapia - Fillets,0.5
536,District of Columbia,201,0.6,0.0,0.3,Soup - Campbells Chili,0.0
537,Indiana,351,1.0,0.2,0.6,Icecream Cone - Areo Chocolate,0.5
538,California,175,0.5,1.0,0.5,Dragon Fruit,0.1
539,Virginia,388,0.9,0.6,0.4,Papadam,0.7
540,North Carolina,597,0.5,0.1,0.7,Tea - Earl Grey,0.5
541,Texas,543,0.3,0.6,0.1,Cheese - Gouda Smoked,0.3
542,California,562,0.2,0.3,0.5,Cookie Dough - Chocolate Chip,0.4
543,Arizona,786,0.2,0.5,0.4,Marjoram - Fresh,0.0
544,Maryland,656,0.7,0.2,0.9,Ham - Cooked Bayonne Tinned,0.2
545,Florida,559,0.6,1.0,0.2,Vinegar - Raspberry,0.9
546,District of Columbia,833,0.5,0.8,0.6,"Lid - 10,12,16 Oz",0.8
547,Ohio,699,0.7,0.7,0.0,Dragon Fruit,0.3
548,Pennsylvania,277,1.0,0.9,0.3,"Pail - 4l White, With Handle",0.2
549,District of Columbia,736,0.8,0.9,0.3,Pineapple - Golden,0.0
550,Florida,631,0.0,0.2,0.6,Cake - Sheet Strawberry,0.0
551,California,728,0.0,0.1,0.8,Liqueur - Melon,0.0
552,North Carolina,755,0.6,0.8,0.9,Muffin - Mix - Mango Sour Cherry,0.1
553,Hawaii,947,0.4,0.4,0.5,Chocolate Bar - Coffee Crisp,0.7
554,Florida,230,0.1,0.5,0.2,Tea - Vanilla Chai,0.4
555,Texas,280,0.5,0.2,0.2,Tequila - Sauza Silver,0.5
556,Colorado,961,0.6,0.7,0.3,Chocolate - Dark,0.9
557,Indiana,607,0.4,0.5,0.8,Potatoes - Parissienne,0.2
558,California,732,0.7,0.2,0.1,Beef - Flank Steak,0.3
559,Georgia,299,0.6,0.7,0.2,Lettuce - Sea / Sea Asparagus,0.1
560,North Carolina,226,0.3,0.6,0.0,"Carrots - Purple, Organic",0.1
561,District of Columbia,336,0.8,0.1,0.2,Onion Powder,0.6
562,Pennsylvania,891,0.3,0.3,0.2,Pork - Back Ribs,0.3
563,Texas,695,0.6,0.7,0.6,Bread - Olive,0.9
564,Indiana,197,1.0,0.9,0.6,Soup - Campbells Beef Noodle,0.6
565,Georgia,947,0.8,0.0,0.3,Carbonated Water - Orange,0.8
566,Texas,722,0.7,0.5,0.6,Wine - Crozes Hermitage E.,0.4
567,Oregon,422,0.4,0.4,0.3,"Mushroom - Porcini, Dry",0.1
568,Illinois,460,0.9,0.6,0.3,Urban Zen Drinks,0.9
569,Virginia,655,0.5,0.4,0.6,Chivas Regal - 12 Year Old,0.2
570,Maryland,170,0.6,0.9,0.0,Lobster - Cooked,0.8
571,Wisconsin,160,0.8,0.6,0.3,Chocolate Eclairs,0.3
572,Connecticut,720,0.6,0.4,0.1,Ice Cream - Life Savers,0.6
573,West Virginia,448,0.8,0.6,0.6,Veal - Leg,0.5
574,Alabama,563,0.1,0.8,0.6,Clams - Canned,0.8
575,North Carolina,623,0.8,0.4,0.9,"Rosemary - Primerba, Paste",0.9
576,California,456,0.4,0.2,0.7,Guinea Fowl,0.6
577,Florida,337,0.5,0.4,0.9,Broccoli - Fresh,0.8
578,New York,691,1.0,0.6,0.7,"Seedlings - Mix, Organic",0.6
579,New York,945,0.4,0.2,0.9,Beef - Striploin,0.3
580,Missouri,670,0.8,0.2,0.8,Cassis,0.1
581,Maryland,219,0.6,0.8,1.0,Cheese - Bakers Cream Cheese,0.4
582,Oklahoma,143,0.8,0.9,0.6,"Pasta - Spaghetti, Dry",0.1
583,Arizona,143,0.9,0.4,0.8,"Beef - Bones, Cut - Up",0.6
584,Florida,963,0.5,0.5,1.0,"Potatoes - Yukon Gold, 80 Ct",0.7
585,California,491,0.8,0.8,0.5,Smirnoff Green Apple Twist,0.1
586,Nevada,399,0.6,0.5,0.6,"Soup - Campbells, Classic Chix",0.9
587,North Carolina,508,0.5,0.9,1.0,Tofu - Firm,0.5
588,Tennessee,258,0.4,0.7,0.7,Lamb Shoulder Boneless Nz,0.7
589,Arkansas,140,0.3,1.0,0.0,Bread - Focaccia Quarter,0.9
590,California,344,0.2,0.6,0.6,"Beer - Alexander Kieths, Pale Ale",0.7
591,Texas,231,0.0,0.2,0.5,Wine - Maipo Valle Cabernet,0.5
592,Pennsylvania,201,0.8,0.4,0.5,Syrup - Monin - Passion Fruit,0.5
593,New York,549,0.3,0.0,0.7,"Artichoke - Bottom, Canned",0.5
594,Texas,418,0.1,0.1,0.6,Soup Campbells Beef With Veg,0.1
595,Pennsylvania,267,0.0,0.6,1.0,Flour - Whole Wheat,0.7
596,California,836,0.9,0.9,0.4,Yoplait Drink,0.7
597,Florida,648,0.4,0.4,1.0,"Crab - Back Fin Meat, Canned",0.2
598,Oklahoma,772,0.3,0.2,0.0,Wine - Sawmill Creek Autumn,0.9
599,Massachusetts,189,0.3,0.8,0.9,Oyster - In Shell,0.6
600,Texas,808,0.9,0.2,0.4,"Rum - Cream, Amarula",0.8
601,Florida,133,0.7,0.2,0.6,Carbonated Water - Blackberry,0.9
602,Georgia,299,0.9,0.6,0.9,Tilapia - Fillets,0.6
603,Texas,562,0.3,0.6,0.1,Veal - Ground,0.2
604,Texas,928,0.1,0.7,0.6,"Pepper - Chipotle, Canned",0.6
605,Idaho,454,0.2,0.8,0.5,Stock - Fish,0.8
606,Wisconsin,804,0.6,0.9,0.1,Juice - Propel Sport,0.5
607,New York,289,0.4,0.4,0.7,Containter - 3oz Microwave Rect.,0.5
608,North Carolina,144,0.5,0.3,0.9,Towel Dispenser,0.4
609,Texas,815,0.2,0.1,0.3,Chicken - Base,0.7
610,District of Columbia,554,0.3,0.0,0.2,"Chocolate - Semi Sweet, Calets",0.1
611,New York,526,0.9,0.1,0.9,Butter Ripple - Phillips,0.1
612,New Jersey,502,0.8,0.1,0.6,Tart - Raisin And Pecan,0.4
613,Florida,177,0.9,0.1,0.7,Chicken Breast Wing On,0.6
614,Pennsylvania,959,1.0,1.0,0.8,Juice - Ocean Spray Cranberry,0.0
615,Oklahoma,703,0.9,0.5,0.0,Snapple Lemon Tea,0.8
616,Alabama,481,1.0,0.2,0.0,Neckerchief Blck,0.7
617,Nevada,430,0.7,0.9,0.8,Sobe - Lizard Fuel,0.7
618,Georgia,996,0.5,0.8,0.9,Halibut - Fletches,0.5
619,California,374,0.2,0.2,0.6,Onions Granulated,0.6
620,Texas,646,0.7,0.1,0.5,Beef - Ground Medium,1.0
621,Pennsylvania,172,0.8,0.2,0.0,"Wine - Magnotta, White",0.2
622,Michigan,411,0.5,0.2,0.3,"Pasta - Tortellini, Fresh",0.2
623,Georgia,308,1.0,0.2,0.0,"Chicken - Leg, Boneless",0.3
624,Nebraska,697,0.6,0.2,0.9,Silicone Parch. 16.3x24.3,0.2
625,Montana,771,0.4,0.3,0.7,Lettuce - Frisee,0.7
626,Florida,292,0.7,0.6,0.6,"Pasta - Penne, Rigate, Dry",0.6
627,Florida,475,0.0,0.9,0.3,Mousse - Passion Fruit,0.4
628,Wisconsin,430,0.9,0.6,0.8,Truffle - Peelings,0.7
629,California,981,0.7,0.7,0.3,Beef - Top Butt,0.7
630,Florida,458,0.5,0.2,0.2,"Water, Tap",0.5
631,Florida,386,0.7,0.6,0.3,"Rosemary - Primerba, Paste",0.2
632,Texas,162,0.1,0.0,1.0,"Wine - White, Riesling, Semi - Dry",0.6
633,Illinois,395,0.9,0.4,0.8,Nantucket - Orange Mango Cktl,0.9
634,Georgia,574,0.1,0.3,0.0,Sausage - Liver,0.8
635,Kentucky,855,1.0,0.0,0.6,Bread - Kimel Stick Poly,1.0
636,Texas,278,0.4,0.8,0.3,"Chicken - Leg, Fresh",0.6
637,Florida,618,0.4,1.0,0.8,Mustard - Dijon,0.7
638,Texas,661,0.2,0.7,0.3,Bread - Focaccia Quarter,0.1
639,Louisiana,289,0.7,0.8,0.4,Cookies Oatmeal Raisin,0.2
640,Florida,665,0.2,0.6,0.5,Kiwi Gold Zespri,0.5
641,Virginia,801,0.8,0.8,0.9,French Pastry - Mini Chocolate,0.3
642,Georgia,385,0.9,0.4,0.9,Beer - Upper Canada Light,0.9
643,Ohio,203,0.6,0.4,0.4,Chips - Potato Jalapeno,0.2
644,Iowa,965,0.4,0.2,0.8,Huck White Towels,0.7
645,New Jersey,668,0.2,0.9,0.5,Vinegar - Red Wine,0.8
646,Pennsylvania,156,0.6,0.6,0.0,Bay Leaf Fresh,1.0
647,North Carolina,388,0.2,0.3,0.2,Corn Syrup,0.6
648,New York,313,0.1,0.3,0.3,Pail For Lid 1537,0.4
649,Louisiana,222,0.8,0.2,0.0,Nougat - Paste / Cream,0.3
650,South Carolina,923,0.7,0.5,1.0,Glaze - Apricot,0.5
651,Texas,163,0.6,0.6,0.6,Pepper - Gypsy Pepper,0.3
652,Louisiana,515,0.3,0.8,0.7,Bols Melon Liqueur,0.2
653,Kentucky,810,0.7,0.1,1.0,"Sauce - Soya, Light",0.2
654,Nebraska,494,0.8,0.1,0.0,Roe - Flying Fish,0.4
655,Texas,653,0.1,0.8,0.3,Bagel - Ched Chs Presliced,0.6
656,West Virginia,244,0.6,0.2,0.0,Dish Towel,0.9
657,Louisiana,398,1.0,0.1,0.8,Dried Figs,0.1
658,Alabama,461,0.1,0.7,0.5,Mackerel Whole Fresh,0.9
659,Texas,551,0.4,0.9,0.8,Wine - Sauvignon Blanc,0.6
660,Minnesota,713,0.2,0.3,0.2,Veal - Sweetbread,0.4
661,North Carolina,895,0.9,0.6,0.1,Haggis,0.6
662,California,844,0.6,0.3,0.4,Dried Apple,0.8
663,Virginia,921,0.9,0.2,0.9,Cake - Pancake,0.6
664,Nevada,858,0.7,0.2,0.5,"Salmon - Atlantic, Skin On",0.6
665,Alabama,932,0.9,0.7,0.1,Puree - Pear,0.2
666,California,907,0.9,0.1,0.6,Lobster - Live,0.6
667,New Jersey,980,0.8,0.0,0.5,Zucchini - Yellow,0.7
668,California,255,0.1,0.8,0.8,Pasta - Orecchiette,0.0
669,California,194,0.1,0.6,0.2,Tomatoes - Orange,0.0
670,Texas,178,0.3,0.9,0.6,"Shrimp - 16/20, Iqf, Shell On",0.8
671,Illinois,558,0.7,0.2,0.5,Flavouring Vanilla Artificial,0.7
672,Illinois,401,0.6,0.6,0.4,Bread - Multigrain Oval,1.0
673,Michigan,546,0.1,0.9,0.3,"Rum - Dark, Bacardi, Black",0.7
674,California,924,0.5,0.6,0.3,Wine - Magnotta - Cab Sauv,0.1
675,Florida,773,0.4,0.6,0.0,Crab - Soft Shell,0.7
676,New York,839,0.5,1.0,0.3,"Cheese - Brie,danish",0.3
677,Arizona,242,1.0,0.8,1.0,Soup - Boston Clam Chowder,0.7
678,Alabama,357,0.2,0.9,0.1,Praline Paste,0.1
679,Connecticut,762,0.2,0.3,0.8,Roe - Flying Fish,0.2
680,District of Columbia,175,0.2,0.6,0.1,Ocean Spray - Ruby Red,0.3
681,South Carolina,235,0.7,0.9,0.3,Bagels Poppyseed,0.3
682,Delaware,528,0.8,0.7,0.1,"Appetizer - Mini Egg Roll, Shrimp",0.3
683,Florida,146,0.9,0.3,0.8,Beef - Top Butt,0.9
684,Maryland,681,0.9,0.2,0.5,Dc Hikiage Hira Huba,0.2
685,Alabama,889,0.4,0.7,0.5,Carrots - Mini Red Organic,0.3
686,Florida,564,0.2,0.7,0.3,"Mop Head - Cotton, 24 Oz",0.8
687,Washington,241,0.7,0.2,0.0,"Chestnuts - Whole,canned",0.8
688,Louisiana,457,1.0,1.0,0.5,Potatoes - Parissienne,0.7
689,Illinois,730,0.8,0.5,0.2,Mustard - Pommery,0.1
690,Colorado,751,0.5,0.5,0.3,Nori Sea Weed - Gold Label,0.7
691,Florida,220,0.3,0.2,0.9,"Soup - Beef, Base Mix",0.5
692,California,222,0.3,0.6,0.7,Beef - Kobe Striploin,0.3
693,Nebraska,855,0.6,0.2,0.7,Clams - Canned,0.5
694,District of Columbia,101,0.4,0.8,0.9,"Juice - Apple, 1.36l",0.9
695,New York,780,0.4,0.8,0.6,Ham - Cooked,0.2
696,Washington,655,0.8,0.2,0.1,Sauce Tomato Pouch,0.6
697,Minnesota,566,0.4,0.9,0.1,Sardines,0.6
698,Virginia,811,0.9,1.0,0.7,"Asparagus - Green, Fresh",0.2
699,Virginia,236,0.8,0.5,0.5,Bar Bran Honey Nut,0.6
700,Texas,556,0.4,1.0,0.5,"Gingerale - Schweppes, 355 Ml",0.1
701,Ohio,591,0.4,0.8,0.1,Flour - Whole Wheat,0.6
702,Tennessee,202,0.0,0.8,0.0,Quail - Jumbo,0.4
703,Alabama,435,0.2,0.6,0.8,Coffee - Almond Amaretto,0.6
704,Texas,574,0.2,0.8,0.1,Pastry - Cheese Baked Scones,0.2
705,Virginia,397,0.8,0.7,0.9,Muffin Mix - Blueberry,0.5
706,Ohio,586,0.5,0.9,0.1,Lamb Shoulder Boneless Nz,0.1
707,Kansas,511,0.4,0.1,0.8,Hummus - Spread,0.5
708,Michigan,105,0.1,0.5,1.0,Mussels - Cultivated,0.1
709,Washington,985,0.0,0.3,0.3,"Dill - Primerba, Paste",0.1
710,California,771,0.2,0.2,0.4,Buffalo - Short Rib Fresh,0.2
711,California,836,0.0,0.7,1.0,French Pastry - Mini Chocolate,0.0
712,New Mexico,259,0.9,0.8,0.7,"Yogurt - Raspberry, 175 Gr",0.8
713,Florida,355,0.6,0.0,0.3,Truffle Cups - Red,0.8
714,Virginia,244,0.4,0.9,0.2,Tuna - Salad Premix,0.0
715,Texas,866,0.5,0.3,0.2,Nantucket Pine Orangebanana,0.9
716,Ohio,396,0.5,0.7,0.7,Jameson Irish Whiskey,0.5
717,New York,390,0.1,0.4,0.1,Godiva White Chocolate,0.2
718,Georgia,158,0.8,0.3,0.2,Tomatoes - Cherry,0.0
719,Texas,339,0.7,0.1,0.6,Wine - Pinot Noir Mondavi Coastal,0.7
720,Texas,338,0.9,0.4,0.1,Lettuce - Green Leaf,0.7
721,District of Columbia,638,1.0,0.9,0.7,"Yeast - Fresh, Fleischman",0.4
722,Missouri,871,0.2,0.8,0.5,"Apple - Delicious, Golden",0.2
723,Arkansas,267,0.2,1.0,0.7,Pork - Belly Fresh,0.8
724,Texas,680,0.1,0.2,0.6,Lamb - Whole Head Off,0.7
725,Massachusetts,234,0.5,0.2,0.4,Jolt Cola,0.9
726,Minnesota,214,0.5,0.5,0.9,Taro Root,0.2
727,Florida,660,0.5,0.7,0.0,Wine - Prosecco Valdobiaddene,0.9
728,Washington,449,0.5,0.8,0.5,Chicken - Whole Fryers,0.3
729,Utah,254,0.6,0.4,0.1,Cheese Cloth No 100,0.1
730,Georgia,849,0.4,0.1,0.2,Beans - Fine,0.6
731,Louisiana,834,0.8,0.4,0.6,Puree - Blackcurrant,0.4
732,New York,278,0.5,0.7,0.8,Table Cloth 54x54 White,0.1
733,Minnesota,432,1.0,0.7,0.8,Garbage Bag - Clear,0.4
734,Kentucky,884,0.1,0.4,0.4,Muffin Hinge - 211n,0.7
735,Texas,189,0.9,0.8,0.5,Nescafe - Frothy French Vanilla,0.7
736,Michigan,192,0.9,0.1,0.3,Madeira,0.4
737,Kentucky,168,0.2,0.9,0.8,Squash - Acorn,0.3
738,Alabama,745,0.8,0.7,0.4,Wine - Charddonnay Errazuriz,0.1
739,New York,321,0.3,1.0,0.7,Tomato - Peeled Italian Canned,0.4
740,Texas,361,0.5,0.4,0.6,"Pasta - Lasagna Noodle, Frozen",0.7
741,New York,450,0.8,0.6,0.3,Wine - Pinot Noir Pond Haddock,0.4
742,Tennessee,517,0.4,0.8,0.1,Langers - Mango Nectar,0.8
743,Texas,307,0.3,0.7,0.9,Pate - Peppercorn,0.8
744,North Carolina,603,0.6,1.0,0.9,Rice Paper,0.5
745,Minnesota,819,0.3,0.3,0.3,Garlic,0.1
746,Washington,891,0.2,1.0,0.3,Sour Puss - Tangerine,0.3
747,Minnesota,143,0.5,0.4,0.5,Butter Balls Salted,0.7
748,Ohio,851,0.1,0.7,0.7,Cheese - Mozzarella,0.1
749,Massachusetts,394,0.8,0.2,0.3,Dates,0.5
750,California,995,0.2,0.6,1.0,Bonito Flakes - Toku Katsuo,0.3
751,Indiana,145,0.7,0.0,1.0,"Wine - White, Concha Y Toro",0.2
752,California,908,0.7,0.8,0.4,Syrup - Kahlua Chocolate,0.4
753,California,233,0.8,0.7,0.1,Sugar - Cubes,1.0
754,Wisconsin,534,0.8,0.4,0.9,Pomello,0.5
755,Massachusetts,671,0.8,0.3,0.1,Sobe - Cranberry Grapefruit,0.4
756,Washington,865,0.7,0.4,0.9,Skewers - Bamboo,0.9
757,New York,729,0.1,0.8,0.7,Pepper Squash,0.6
758,Kansas,738,0.9,0.6,0.2,"Mushroom - Shitake, Fresh",0.1
759,Massachusetts,686,0.2,0.7,0.9,"Soup - Campbells, Classic Chix",0.6
760,Georgia,614,0.5,0.0,0.2,"Pasta - Fettuccine, Egg, Fresh",0.2
761,California,853,0.6,0.5,0.3,Pasta - Ravioli,0.7
762,Michigan,433,0.4,1.0,0.6,Beer - Fruli,0.7
763,California,259,0.0,0.2,0.5,"Peas - Pigeon, Dry",0.2
764,California,408,0.3,0.4,0.5,"Wine - Magnotta, Merlot Sr Vqa",0.9
765,Georgia,145,0.6,0.7,0.9,Bread - Hamburger Buns,0.7
766,Virginia,859,0.2,0.5,0.6,Wine - Fontanafredda Barolo,0.4
767,Kansas,580,0.3,0.9,0.9,Butter Sweet,0.4
768,North Carolina,386,0.1,0.4,0.6,"Pasta - Fettuccine, Egg, Fresh",0.2
769,Connecticut,921,0.0,0.5,0.1,Ecolab - Balanced Fusion,0.0
770,District of Columbia,822,0.3,1.0,0.5,Energy - Boo - Koo,0.7
771,Washington,158,1.0,0.4,0.8,Onions - Pearl,0.6
772,Ohio,284,0.5,0.8,1.0,Wine - George Duboeuf Rose,0.3
773,Texas,670,0.8,0.1,0.9,Beef - Tenderloin,0.1
774,Virginia,960,0.4,0.6,0.9,Caviar - Salmon,0.8
775,Virginia,779,0.9,0.4,0.3,"Nut - Chestnuts, Whole",0.7
776,Florida,569,0.4,0.3,0.3,Muffin - Mix - Creme Brule 15l,0.6
777,New York,608,0.2,0.9,0.1,Muffin Batt - Choc Chk,0.6
778,Louisiana,965,0.4,0.8,0.1,Tea - English Breakfast,0.5
779,California,361,0.2,1.0,0.3,Slt - Individual Portions,0.3
780,California,218,0.1,0.7,0.8,Chinese Foods - Thick Noodles,0.7
781,California,946,0.5,0.0,0.3,Grapes - Green,0.5
782,Ohio,692,0.0,0.2,0.3,Wine - Casillero Del Diablo,0.1
783,North Carolina,714,0.7,0.0,0.9,"Oranges - Navel, 72",0.2
784,Idaho,129,0.4,0.1,0.8,Chocolate - Semi Sweet,0.3
785,Illinois,785,0.7,1.0,0.5,Soup - Campbells Pasta Fagioli,0.8
786,Colorado,187,0.7,0.5,0.1,Olives - Nicoise,0.5
787,Arizona,478,0.4,0.5,0.4,Ice Cream - Strawberry,0.5
788,New Mexico,457,0.7,0.7,0.7,Corn Kernels - Frozen,0.4
789,Texas,866,0.2,0.2,0.2,Wine - Chateau Bonnet,0.4
790,Ohio,220,0.2,0.2,0.1,Bagel - Everything Presliced,0.8
791,Illinois,205,1.0,0.6,0.4,Wine - Shiraz South Eastern,0.3
792,Virginia,999,0.1,0.3,0.7,Cleaner - Lime Away,0.1
793,California,442,1.0,0.6,0.5,The Pop Shoppe Pinapple,0.2
794,Pennsylvania,381,0.4,0.4,0.2,Duck - Legs,1.0
795,California,938,0.9,0.6,0.5,Wine - Sauvignon Blanc Oyster,0.1
796,California,590,0.6,0.5,0.5,"Beans - Black Bean, Dry",0.4
797,Illinois,200,0.9,0.6,0.6,"Champagne - Brights, Dry",0.9
798,California,752,0.3,0.3,0.8,Wine - Redchard Merritt,0.5
799,Texas,151,0.8,0.6,0.8,Salmon Atl.whole 8 - 10 Lb,1.0
800,Florida,725,0.4,0.7,0.3,"Cheese - Brie, Triple Creme",0.7
801,New Mexico,377,0.3,0.9,0.7,Cake Sheet Combo Party Pack,0.7
802,South Dakota,518,0.7,0.4,0.6,"Wine - White, French Cross",0.3
803,Texas,742,1.0,0.6,0.2,Yeast Dry - Fermipan,0.4
804,Georgia,107,0.1,0.2,0.7,Ice Cream Bar - Hagen Daz,0.4
805,Indiana,500,0.1,0.3,0.1,Wine - Jackson Triggs Okonagan,0.4
806,Illinois,232,0.8,0.2,0.5,Squash - Pepper,0.8
807,Massachusetts,908,0.3,0.9,0.9,Potatoes - Idaho 100 Count,0.5
808,Utah,894,0.2,0.6,0.8,Veal - Sweetbread,1.0
809,California,249,0.4,0.1,0.4,Dragon Fruit,0.7
810,Colorado,670,0.6,0.8,0.6,Wine - Rubyport,0.9
811,Alaska,300,0.6,0.4,1.0,Veal - Nuckle,0.6
812,Pennsylvania,443,0.7,0.1,0.2,Sprouts - Baby Pea Tendrils,0.4
813,Virginia,319,0.6,0.3,0.2,Muffin Batt - Carrot Spice,0.3
814,New York,310,0.1,0.6,1.0,Cream - 18%,0.9
815,Alabama,980,0.4,0.8,0.5,Mcgillicuddy Vanilla Schnap,0.4
816,New Jersey,451,0.8,0.3,0.4,Cinnamon - Stick,0.9
817,Florida,434,1.0,0.5,0.6,Mayonnaise - Individual Pkg,0.1
818,Pennsylvania,853,0.8,0.8,0.6,Haggis,0.5
819,California,725,0.3,0.2,0.7,Gooseberry,0.2
820,District of Columbia,196,0.7,0.0,0.2,Latex Rubber Gloves Size 9,0.9
821,Kansas,767,0.8,0.9,0.3,"Pasta - Detalini, White, Fresh",0.8
822,North Carolina,938,0.8,0.5,1.0,Cheese - Augre Des Champs,0.6
823,California,467,0.6,0.8,0.3,Appetizer - Veg Assortment,0.4
824,Pennsylvania,497,0.2,0.7,0.5,"Lettuce - Romaine, Heart",0.4
825,Ohio,326,0.9,0.1,0.4,"Tray - Foam, Square 4 - S",0.7
826,Nevada,336,0.8,0.1,0.7,Wine - Dubouef Macon - Villages,0.4
827,Michigan,149,0.6,0.0,0.6,Quail - Jumbo,1.0
828,District of Columbia,774,0.6,0.1,0.0,Vinegar - Balsamic,0.6
829,Maryland,161,0.8,0.9,0.0,Cookies - Amaretto,0.1
830,Hawaii,482,1.0,0.9,0.6,"Fish - Soup Base, Bouillon",0.6
831,Florida,296,0.7,0.4,0.8,Pie Filling - Cherry,0.4
832,Washington,803,0.2,0.6,0.4,"Pasta - Cappellini, Dry",0.3
833,Pennsylvania,861,1.0,0.4,0.6,Wine - Zinfandel Rosenblum,0.5
834,Texas,977,0.5,0.4,0.5,Trueblue - Blueberry Cranberry,0.9
835,Pennsylvania,895,0.1,0.4,0.5,Pepper - Jalapeno,0.2
836,Connecticut,641,0.9,0.5,0.0,Flour - Strong,0.1
837,Pennsylvania,275,0.9,0.1,0.8,Whmis - Spray Bottle Trigger,0.2
838,North Carolina,552,0.2,0.8,0.2,Corn - On The Cob,0.4
839,Texas,488,0.6,0.2,0.1,"Turkey - Breast, Smoked",0.0
840,South Carolina,873,0.9,0.3,0.4,Vinegar - Red Wine,0.5
841,Georgia,824,1.0,0.3,0.2,Turnip - Mini,0.1
842,Massachusetts,646,0.3,0.2,0.2,Sardines,0.4
843,Illinois,795,0.6,0.1,0.8,Garlic,0.0
844,Alabama,398,0.8,0.7,0.3,Ketchup - Tomato,0.4
845,New Mexico,209,0.5,0.4,0.3,"Bread - Rolls, Corn",0.4
846,Texas,558,0.1,0.0,0.6,"Pasta - Elbows, Macaroni, Dry",0.4
847,Texas,159,0.1,0.1,0.3,Wine - Sauvignon Blanc,0.7
848,Colorado,638,0.8,0.2,0.3,V8 - Vegetable Cocktail,0.4
849,Louisiana,706,0.9,0.8,0.2,Wine - White Cab Sauv.on,0.6
850,Wisconsin,237,0.4,0.7,0.9,Pizza Pizza Dough,0.6
851,California,602,0.5,0.0,0.0,Lettuce - California Mix,0.7
852,Florida,718,0.1,0.9,0.2,Wine - Trimbach Pinot Blanc,0.7
853,Oregon,728,0.9,0.7,0.9,Chocolate Bar - Smarties,0.7
854,North Carolina,608,0.2,0.5,0.1,Mortadella,0.8
855,Illinois,561,0.9,0.4,0.7,"Shrimp - 16 - 20 Cooked, Peeled",0.7
856,North Carolina,214,1.0,0.7,1.0,Lettuce - Radicchio,0.3
857,South Dakota,509,0.3,0.3,0.8,"Turnip - White, Organic",0.1
858,District of Columbia,887,0.3,0.3,0.2,Syrup - Monin - Blue Curacao,0.7
859,Illinois,848,0.0,0.4,0.8,"Cake Circle, Foil, Scallop",0.7
860,Texas,429,0.8,0.4,1.0,Peppercorns - Green,0.1
861,New York,201,0.7,0.5,0.5,Icecream - Dstk Strw Chseck,0.7
862,Oregon,915,0.1,0.6,0.2,Pate Pans Yellow,0.9
863,California,783,0.3,0.7,0.8,Pepper - Chili Powder,0.4
864,Georgia,166,1.0,0.1,0.5,Bar Mix - Lemon,0.4
865,Alabama,125,0.6,0.1,0.8,Hold Up Tool Storage Rack,0.3
866,Missouri,987,0.6,0.6,0.1,"Soup - Campbells, Cream Of",0.2
867,Utah,659,0.2,0.6,0.3,Cleaner - Lime Away,0.5
868,Florida,709,0.3,0.5,0.3,"Pasta - Fettuccine, Egg, Fresh",0.4
869,New York,919,0.1,0.8,1.0,Garam Masala Powder,0.7
870,New York,126,0.6,0.5,0.3,Mangostein,1.0
871,Alabama,899,0.1,0.4,0.7,Pork Loin Bine - In Frenched,0.6
872,California,806,0.3,0.1,0.3,Vaccum Bag - 14x20,0.4
873,Louisiana,741,0.3,0.2,0.4,Cheese Cloth No 60,0.5
874,New York,176,0.0,0.3,0.6,"Basil - Primerba, Paste",0.8
875,Tennessee,738,0.6,0.8,0.1,Cheese - Feta,0.7
876,New Hampshire,727,1.0,1.0,0.5,Beef Striploin Aaa,0.4
877,Iowa,157,0.6,0.2,0.9,Bagel - Sesame Seed Presliced,0.0
878,California,215,0.3,0.9,0.5,Quail Eggs - Canned,0.5
879,New Jersey,837,0.2,0.6,0.5,Cheese - Gorgonzola,0.7
880,Iowa,917,0.3,0.1,0.3,"Apple - Delicious, Golden",0.8
881,Colorado,841,0.8,0.7,0.0,Vegetable - Base,0.1
882,California,994,0.9,1.0,0.7,Strawberries,0.4
883,Louisiana,867,0.5,0.9,0.7,Coffee Cup 16oz Foam,0.5
884,Utah,706,0.0,0.5,0.2,Tart - Lemon,0.9
885,California,280,0.4,0.8,0.8,Cherries - Frozen,0.8
886,Pennsylvania,628,1.0,0.3,0.4,Pernod,0.4
887,West Virginia,809,0.0,0.0,0.1,Carroway Seed,0.5
888,Colorado,314,0.2,0.3,0.2,Sprouts - Onion,0.3
889,California,273,0.9,1.0,0.9,Brandy Apricot,0.6
890,California,360,0.6,0.5,0.2,Chickhen - Chicken Phyllo,1.0
891,West Virginia,550,1.0,0.5,0.5,Cheese - Feta,0.5
892,Texas,660,0.9,0.4,0.4,"Yogurt - Strawberry, 175 Gr",0.4
893,Florida,384,1.0,0.5,0.9,Sugar - Icing,1.0
894,Pennsylvania,211,0.8,0.2,0.6,"Syrup - Monin, Swiss Choclate",0.3
895,Missouri,253,0.8,0.7,0.9,Buffalo - Short Rib Fresh,0.3
896,Pennsylvania,222,0.1,0.0,0.1,Ice Cream Bar - Rolo Cone,0.9
897,Florida,320,0.5,0.1,0.9,Wine - Marlbourough Sauv Blanc,0.4
898,District of Columbia,875,0.1,0.2,0.2,Pears - Fiorelle,0.5
899,New York,950,0.6,0.2,1.0,"Lid - Translucent, 3.5 And 6 Oz",0.6
900,New York,994,0.8,0.8,0.8,Chicken - Soup Base,0.4
901,Colorado,749,0.9,0.8,0.7,Coffee - Dark Roast,0.8
902,California,836,0.6,0.2,0.7,Radish - Pickled,0.8
903,Ohio,883,0.8,0.7,0.6,Ice Cream - Vanilla,0.9
904,Utah,494,0.5,0.9,0.1,Squid U5 - Thailand,0.3
905,West Virginia,731,0.9,0.3,0.4,Shortbread - Cookie Crumbs,0.4
906,Nevada,198,0.2,0.2,0.8,Passion Fruit,0.0
907,New York,836,0.6,0.3,0.0,Eggroll,0.6
908,New York,145,0.9,1.0,0.2,Tofu - Firm,0.1
909,North Carolina,476,0.2,0.5,0.5,Eggwhite Frozen,1.0
910,Missouri,763,0.4,0.7,0.6,Towel Multifold,0.5
911,California,630,0.4,0.4,0.5,Extract Vanilla Pure,0.8
912,California,887,1.0,0.4,1.0,Truffle - Peelings,0.9
913,Texas,105,0.7,0.5,1.0,Crackers - Melba Toast,0.2
914,New Mexico,406,0.3,0.3,0.1,Nantuket Peach Orange,0.8
915,New York,560,0.9,0.6,0.2,Avocado,0.7
916,Ohio,150,0.4,0.8,0.1,"Pork - Loin, Boneless",0.0
917,New York,840,0.1,0.9,0.4,Orange Roughy 6/8 Oz,0.8
918,Florida,106,0.6,0.9,0.9,Chinese Foods - Chicken,0.5
919,Connecticut,908,0.6,0.3,0.4,Bread - Italian Roll With Herbs,0.0
920,Delaware,250,0.6,0.7,0.6,Beans - Kidney White,0.1
921,Utah,289,0.3,1.0,0.1,Anchovy Paste - 56 G Tube,0.2
922,Virginia,209,0.5,0.6,0.8,Lemons,0.4
923,Texas,529,0.8,0.0,0.8,Table Cloth 62x120 White,0.2
924,District of Columbia,878,0.7,0.6,0.7,Extract Vanilla Pure,0.5
925,Florida,318,0.7,0.5,0.5,Wine - Jackson Triggs Okonagan,0.5
926,Illinois,202,0.6,0.7,0.3,Flour - Bread,0.0
927,Ohio,299,0.9,0.6,0.7,"Cheese - Brie, Triple Creme",0.6
928,Florida,616,0.1,0.8,0.4,Chocolate - Dark Callets,0.7
929,New York,184,0.4,0.4,0.6,Juice - Apple 284ml,0.5
930,Texas,977,0.0,0.6,0.2,"Veal - Chops, Split, Frenched",0.1
931,New Mexico,894,0.1,0.7,0.8,Green Scrubbie Pad H.duty,0.1
932,Florida,131,0.5,0.4,0.6,Juice - Orange,0.0
933,Wisconsin,949,0.0,1.0,0.7,Cheese - Colby,0.6
934,Texas,457,0.1,0.1,0.4,Wine - George Duboeuf Rose,0.2
935,Kansas,151,0.5,0.6,1.0,Russian Prince,0.6
936,Texas,295,0.7,0.9,0.8,Beans - Fava Fresh,0.1
937,South Dakota,658,0.4,0.7,0.1,Coffee Guatemala Dark,0.2
938,Massachusetts,712,0.1,0.6,0.5,Plaintain,0.4
939,Oklahoma,946,0.2,0.5,0.7,Pork - Suckling Pig,0.3
940,District of Columbia,147,0.9,0.4,0.7,Wine - Zinfandel Rosenblum,0.6
941,California,311,0.3,0.0,1.0,Arizona - Plum Green Tea,0.3
942,New York,348,0.4,0.8,0.2,Wine - Peller Estates Late,0.1
943,North Carolina,852,0.6,0.7,0.3,Wine - Wyndham Estate Bin 777,0.4
944,California,109,0.7,0.8,0.4,Wine - Vidal Icewine Magnotta,0.7
945,Nebraska,412,0.4,0.8,0.7,"Soup - Campbells, Spinach Crm",0.9
946,Washington,972,0.5,1.0,0.4,Apricots - Dried,0.5
947,Louisiana,835,0.0,0.1,0.7,"Pasta - Cappellini, Dry",1.0
948,North Carolina,180,0.7,0.9,0.4,The Pop Shoppe - Cream Soda,0.7
949,California,660,0.1,0.2,0.1,Juice - Apple 284ml,0.3
950,New York,858,0.6,1.0,0.6,"Roe - Lump Fish, Red",0.6
951,California,578,0.3,0.1,0.6,Tumeric,0.5
952,Minnesota,103,0.5,0.7,1.0,"Pepper - Chillies, Crushed",0.1
953,Ohio,511,0.2,0.6,0.7,"Mushroom - Chanterelle, Dry",0.7
954,Nebraska,492,0.8,0.7,0.7,Appetizer - Assorted Box,0.5
955,Georgia,258,0.5,1.0,0.8,"Rum - Spiced, Captain Morgan",0.7
956,New Mexico,235,0.6,0.4,0.3,Coffee Decaf Colombian,1.0
957,California,733,0.5,0.5,0.8,Tomato - Peeled Italian Canned,0.4
958,Virginia,922,0.1,0.7,0.8,Cheese - Sheep Milk,0.1
959,Texas,894,0.7,0.1,0.5,Rice - Long Grain,0.3
960,Florida,537,0.5,0.8,0.1,"Doilies - 5, Paper",0.6
961,California,309,0.2,0.0,0.7,"Sauce - Black Current, Dry Mix",0.3
962,North Carolina,872,0.5,0.6,0.6,"Olives - Green, Pitted",0.1
963,Florida,892,0.7,1.0,0.8,Slt - Individual Portions,0.4
964,Massachusetts,810,0.2,0.9,0.1,"Juice - Clam, 46 Oz",0.3
965,New York,240,0.4,0.7,0.6,Beer - Upper Canada Lager,0.2
966,Maryland,422,0.1,0.9,0.9,Godiva White Chocolate,0.5
967,North Carolina,577,0.6,0.6,0.0,"Rum - Spiced, Captain Morgan",0.2
968,Kentucky,885,0.3,0.4,1.0,Pheasants - Whole,0.0
969,Indiana,626,0.5,0.8,0.3,Wine - Jafflin Bourgongone,0.9
970,Indiana,927,0.8,0.2,0.1,Wine - Penfolds Koonuga Hill,0.6
971,Florida,1000,0.5,0.8,0.7,Veal - Striploin,0.2
972,Indiana,530,0.9,0.5,0.8,"Oil - Olive, Extra Virgin",0.2
973,Missouri,473,0.3,0.4,0.5,Mussels - Cultivated,0.1
974,Alabama,475,0.8,0.2,0.5,"Soup - Campbells, Cream Of",0.4
975,Michigan,161,0.9,0.6,0.5,Tuna - Sushi Grade,0.3
976,North Carolina,150,0.7,0.6,0.4,Vodka - Moskovskaya,0.2
977,California,969,0.8,0.2,0.9,Salt And Pepper Mix - White,0.2
978,Virginia,188,0.4,0.3,0.9,Gingerale - Diet - Schweppes,0.5
979,Kentucky,767,0.6,0.1,0.7,Cookie Dough - Chocolate Chip,0.5
980,New York,281,0.8,0.1,0.7,Molasses - Fancy,0.6
981,California,229,0.6,0.6,0.5,"Napkin - Dinner, White",0.5
982,Illinois,643,0.7,0.3,0.0,Carbonated Water - Orange,0.8
983,Oregon,810,0.5,1.0,0.6,Cheese - Cottage Cheese,0.1
984,Michigan,846,0.6,0.7,0.4,Pepper - Red Thai,0.2
985,Iowa,483,0.7,0.9,0.9,"Wine - Mas Chicet Rose, Vintage",0.1
986,Florida,168,0.6,0.3,0.8,"Pasta - Shells, Medium, Dry",0.5
987,Virginia,149,1.0,0.4,0.2,Grenadillo,0.6
988,New York,861,0.9,0.4,0.5,Brandy - Bar,0.8
989,West Virginia,355,0.0,0.5,0.1,Lambcasing,0.1
990,Virginia,741,0.2,0.4,0.3,"Chicken - Base, Ultimate",0.2
991,Georgia,447,0.4,0.6,0.5,Salami - Genova,0.9
992,California,237,0.4,0.1,0.4,"Pasta - Rotini, Colour, Dry",0.5
993,Georgia,710,0.6,0.3,0.4,Beer - Labatt Blue,0.6
994,New Jersey,278,0.1,0.1,0.8,Halibut - Fletches,0.5
995,South Carolina,388,0.8,0.3,0.7,Wine - Rioja Campo Viejo,0.9
996,Pennsylvania,866,0.4,0.9,0.1,Energy - Boo - Koo,1.0
997,Texas,988,0.6,0.2,1.0,"Marsala - Sperone, Fine, D.o.c.",1.0
998,California,223,0.9,0.3,0.4,Octopus,0.6
999,New York,298,0.4,0.5,0.1,Cheese - St. Andre,0.7
1000,California,959,0.7,0.8,0.2,Flour - So Mix Cake White,0.6
